create database lesson8h


CREATE TABLE Customers (
    CustomerID INT PRIMARY KEY,
    CustomerName VARCHAR(100),
    Country VARCHAR(50)
);

INSERT INTO Customers (CustomerID, CustomerName, Country) VALUES
(1, 'John Doe', 'USA'),
(2, 'Jane Smith', 'UK'),
(3, 'Michael Johnson', 'Canada'),
(4, 'Sarah Brown', 'Australia'),
(5, 'David Green', 'USA'),
(6, 'Linda White', 'Canada'),
(7, 'James Black', 'UK'),
(8, 'Emily Blue', 'Australia'),
(9, 'Matthew Red', 'USA'),
(10, 'Olivia Yellow', 'Canada'),
(11, 'John Doe', 'Australia'),
(12, 'Jane Smith', 'Canada'),
(13, 'Michael Johnson', 'UK'),
(14, 'Sarah Brown', 'USA'),
(15, 'David Green', 'Canada'),
(16, 'Linda White', 'Australia'),
(17, 'James Black', 'USA'),
(18, 'Emily Blue', 'Canada'),
(19, 'Matthew Red', 'UK'),
(20, 'Olivia Yellow', 'Australia'),
(21, 'John Doe', 'Canada'),
(22, 'Jane Smith', 'Australia'),
(23, 'Michael Johnson', 'USA'),
(24, 'Sarah Brown', 'UK'),
(25, 'David Green', 'Australia'),
(26, 'Linda White', 'USA'),
(27, 'James Black', 'Canada'),
(28, 'Emily Blue', 'UK'),
(29, 'Matthew Red', 'Australia'),
(30, 'Olivia Yellow', 'USA'),
(31, 'John Doe', 'UK'),
(32, 'Jane Smith', 'USA'),
(33, 'Michael Johnson', 'Australia'),
(34, 'Sarah Brown', 'Canada'),
(35, 'David Green', 'UK'),
(36, 'Linda White', 'USA'),
(37, 'James Black', 'Australia'),
(38, 'Emily Blue', 'Canada'),
(39, 'Matthew Red', 'USA'),
(40, 'Olivia Yellow', 'UK');

select * from Customers

CREATE TABLE Products (
    ProductID INT PRIMARY KEY,
    ProductName VARCHAR(100),
    Price DECIMAL(10, 2)
);

INSERT INTO Products (ProductID, ProductName, Price) VALUES
(1, 'Laptop', 1200.00),
(2, 'Smartphone', 800.00),
(3, 'Tablet', 400.00),
(4, 'Monitor', 200.00),
(5, 'Keyboard', 50.00),
(6, 'Mouse', 30.00),
(7, 'Printer', 150.00),
(8, 'Headphones', 100.00),
(9, 'Speakers', 80.00),
(10, 'Webcam', 60.00),
(11, 'Laptop', 1100.00),
(12, 'Smartphone', 750.00),
(13, 'Tablet', 420.00),
(14, 'Monitor', 220.00),
(15, 'Keyboard', 55.00),
(16, 'Mouse', 35.00),
(17, 'Printer', 160.00),
(18, 'Headphones', 120.00),
(19, 'Speakers', 90.00),
(20, 'Webcam', 65.00),
(21, 'Laptop', 1300.00),
(22, 'Smartphone', 850.00),
(23, 'Tablet', 380.00),
(24, 'Monitor', 210.00),
(25, 'Keyboard', 60.00),
(26, 'Mouse', 40.00),
(27, 'Printer', 170.00),
(28, 'Headphones', 130.00),
(29, 'Speakers', 95.00),
(30, 'Webcam', 70.00),
(31, 'Laptop', 1400.00),
(32, 'Smartphone', 900.00),
(33, 'Tablet', 430.00),
(34, 'Monitor', 230.00),
(35, 'Keyboard', 65.00),
(36, 'Mouse', 45.00),
(37, 'Printer', 180.00),
(38, 'Headphones', 140.00),
(39, 'Speakers', 100.00),
(40, 'Webcam', 75.00);

select * from Products

CREATE TABLE Orders (
    OrderID INT PRIMARY KEY,
    CustomerID INT,
    ProductID INT,
    OrderDate DATE,
    Quantity INT,
    FOREIGN KEY (CustomerID) REFERENCES Customers(CustomerID),
    FOREIGN KEY (ProductID) REFERENCES Products(ProductID)
);

INSERT INTO Orders (OrderID, CustomerID, ProductID, OrderDate, Quantity) VALUES
(1, 1, 2, '2023-01-15', 2),
(2, 2, 3, '2023-01-20', 1),
(3, 3, 5, '2023-02-15', 3),
(4, 4, 8, '2023-02-18', 1),
(5, 5, 6, '2023-03-10', 4),
(6, 6, 7, '2023-03-12', 2),
(7, 7, 9, '2023-03-20', 1),
(8, 8, 1, '2023-04-05', 1),
(9, 9, 4, '2023-04-10', 2),
(10, 10, 10, '2023-04-15', 1),
(11, 11, 3, '2023-05-01', 2),
(12, 12, 6, '2023-05-03', 1),
(13, 13, 2, '2023-05-10', 1),
(14, 14, 8, '2023-06-01', 3),
(15, 15, 5, '2023-06-02', 2),
(16, 16, 7, '2023-06-15', 2),
(17, 17, 9, '2023-06-20', 1),
(18, 18, 4, '2023-07-01', 3),
(19, 19, 1, '2023-07-05', 1),
(20, 20, 10, '2023-07-10', 1),
(21, 21, 6, '2023-08-01', 2),
(22, 22, 2, '2023-08-03', 3),
(23, 23, 3, '2023-08-10', 1),
(24, 24, 5, '2023-09-01', 1),
(25, 25, 7, '2023-09-05', 2),
(26, 26, 8, '2023-09-10', 3),
(27, 27, 4, '2023-09-15', 1),
(28, 28, 9, '2023-10-01', 1),
(29, 29, 1, '2023-10-05', 2),
(30, 30, 3, '2023-10-10', 1),
(31, 31, 6, '2023-11-01', 4),
(32, 32, 7, '2023-11-05', 3),
(33, 33, 5, '2023-11-10', 2),
(34, 34, 9, '2023-11-15', 1),
(35, 35, 8, '2023-12-01', 1),
(36, 36, 10, '2023-12-05', 2),
(37, 37, 4, '2023-12-10', 3),
(38, 38, 3, '2023-12-15', 2),
(39, 39, 2, '2023-12-20', 3),
(40, 40, 1, '2023-12-25', 1);

select * from Orders

CREATE TABLE EmployeeDepartments (
    EmployeeID INT PRIMARY KEY,
    EmployeeName VARCHAR(100),
    DepartmentName VARCHAR(100)
);

INSERT INTO EmployeeDepartments (EmployeeID, EmployeeName, DepartmentName) VALUES
(1, 'John Doe', 'HR'),
(2, 'Jane Smith', 'IT'),
(3, 'Michael Johnson', 'Sales'),
(4, 'Sarah Brown', 'Marketing'),
(5, 'David Green', 'Finance'),
(6, 'Linda White', 'IT'),
(7, 'James Black', 'Sales'),
(8, 'Emily Blue', 'HR'),
(9, 'Matthew Red', 'Marketing'),
(10, 'Olivia Yellow', 'Finance'),
(11, 'John Doe', 'Finance'),
(12, 'Jane Smith', 'Sales'),
(13, 'Michael Johnson', 'IT'),
(14, 'Sarah Brown', 'HR'),
(15, 'David Green', 'Sales'),
(16, 'Linda White', 'Marketing'),
(17, 'James Black', 'Finance'),
(18, 'Emily Blue', 'IT'),
(19, 'Matthew Red', 'HR'),
(20, 'Olivia Yellow', 'Sales'),
(21, 'John Doe', 'Marketing'),
(22, 'Jane Smith', 'HR'),
(23, 'Michael Johnson', 'Finance'),
(24, 'Sarah Brown', 'IT'),
(25, 'David Green', 'HR'),
(26, 'Linda White', 'Sales'),
(27, 'James Black', 'Marketing'),
(28, 'Emily Blue', 'Finance'),
(29, 'Matthew Red', 'HR'),
(30, 'Olivia Yellow', 'IT'),
(31, 'John Doe', 'Sales'),
(32, 'Jane Smith', 'Marketing'),
(33, 'Michael Johnson', 'HR'),
(34, 'Sarah Brown', 'Finance'),
(35, 'David Green', 'Marketing'),
(36, 'Linda White', 'HR'),
(37, 'James Black', 'IT'),
(38, 'Emily Blue', 'Finance'),
(39, 'Matthew Red', 'Sales'),
(40, 'Olivia Yellow', 'HR');

select * from EmployeeDepartments

--Homework
--Easy level

1. select 
   c.CustomerName,
   o.OrderDate
   from Customers c 
   join Orders o on c.CustomerID = o.CustomerID

3. CREATE TABLE Categories (
    CategoryID INT PRIMARY KEY,
    CategoryName VARCHAR(100)
);

INSERT INTO Categories (CategoryID, CategoryName) VALUES
(1, 'Electronics'),
(2, 'Clothing'),
(3, 'Home & Kitchen'),
(4, 'Sports & Outdoors'),
(5, 'Beauty & Personal Care'),
(6, 'Toys & Games'),
(7, 'Books'),
(8, 'Groceries'),
(9, 'Furniture'),
(10, 'Automotive'),
(11, 'Health & Wellness'),
(12, 'Pet Supplies'),
(13, 'Jewelry'),
(14, 'Baby Products'),
(15, 'Music'),
(16, 'Movies & TV Shows'),
(17, 'Office Supplies'),
(18, 'Tools & Home Improvement'),
(19, 'Garden & Outdoor'),
(20, 'Food & Beverages'),
(21, 'Software'),
(22, 'Art & Craft'),
(23, 'Travel Accessories'),
(24, 'Phone Accessories'),
(25, 'Luggage & Bags'),
(26, 'Gifts & Occasions'),
(27, 'Digital Products'),
(28, 'Gaming Consoles'),
(29, 'Cameras & Photography'),
(30, 'Smart Home'),
(31, 'Computers & Laptops'),
(32, 'Appliances'),
(33, 'Musical Instruments'),
(34, 'Party Supplies'),
(35, 'Watches'),
(36, 'Outdoor Gear'),
(37, 'Seasonal Products'),
(38, 'Luxury Goods'),
(39, 'Home Decor'),
(40, 'Art Supplies');

select * from Categories

select * from Products
select * from Categories



select 
    p.ProductName,
	c.CategoryName
from products p
join Categories c on p.ProductID = c.CategoryID

4. select 
    c.CustomerName,
	o.Orderdate
from Customers c
left join Orders o on c.CustomerID = o.CustomerID

5. 

6. 
select * from Products
select * from Categories

select 
    p.ProductName,
	p.Price,
	p.ProductID,
	c.CategoryName,
	c.CategoryID
from Products p
cross join Categories c

7. select 
      c.CustomerName, c.CustomerID,
	  o.OrderID
from Customers c 
join Orders o on c.CustomerID = o.CustomerID

8. CREATE TABLE Departments (
    DepartmentID INT PRIMARY KEY,
    DepartmentName VARCHAR(255),
    ManagerID INT
);

INSERT INTO Departments (DepartmentID, DepartmentName, ManagerID) VALUES
(1, 'Sales', 1),
(2, 'Marketing', 2),
(3, 'IT', 3),
(4, 'Human Resources', 4),
(5, 'Finance', 5),
(6, 'Operations', 6),
(7, 'Legal', 7),
(8, 'Customer Support', 8),
(9, 'Product Development', 9),
(10, 'Business Analysis', 10),
(11, 'Design', 1),
(12, 'Research and Development', 2),
(13, 'Purchasing', 3),
(14, 'Supply Chain', 4),
(15, 'Public Relations', 5),
(16, 'Quality Assurance', 6),
(17, 'Logistics', 7),
(18, 'Sales Support', 8),
(19, 'Marketing Communications', 9),
(20, 'Legal Affairs', 10),
(21, 'Product Management', 1),
(22, 'Training and Development', 2),
(23, 'Payroll', 3),
(24, 'Compensation', 4),
(25, 'Recruitment', 5),
(26, 'Executive Management', 6),
(27, 'Audit', 7),
(28, 'Corporate Strategy', 8),
(29, 'Customer Success', 9),
(30, 'Field Operations', 10),
(31, 'Business Intelligence', 1),
(32, 'Risk Management', 2),
(33, 'Treasury', 3),
(34, 'Internal Control', 4),
(35, 'Investor Relations', 5),
(36, 'E-commerce', 6),
(37, 'Real Estate', 7),
(38, 'Branding', 8),
(39, 'Content Creation', 9),
(40, 'Software Development', 10);



CREATE TABLE Employees (
    EmployeeID INT PRIMARY KEY,
    Name VARCHAR(100),
    DepartmentID INT,
    Salary DECIMAL(10, 2),
    HireDate DATE
);


INSERT INTO Employees (EmployeeID, Name, DepartmentID, Salary, HireDate) VALUES
(1, 'John Doe', 1, 55000.00, '2020-01-01'),
(2, 'Jane Smith', 2, 65000.00, '2019-03-15'),
(3, 'Mary Johnson', 3, 45000.00, '2021-05-10'),
(4, 'James Brown', 1, 60000.00, '2018-07-22'),
(5, 'Patricia Davis', 4, 70000.00, '2017-08-30'),
(6, 'Michael Miller', 2, 75000.00, '2020-12-12'),
(7, 'Linda Wilson', 3, 48000.00, '2016-11-02'),
(8, 'David Moore', 4, 85000.00, '2021-09-01'),
(9, 'Elizabeth Taylor', 1, 60000.00, '2019-05-18'),
(10, 'William Anderson', 2, 64000.00, '2020-04-10'),
(11, 'Susan Thomas', 3, 47000.00, '2017-01-25'),
(12, 'Joseph Jackson', 4, 78000.00, '2016-09-30'),
(13, 'Karen White', 1, 59000.00, '2018-06-10'),
(14, 'Steven Harris', 2, 71000.00, '2021-07-15'),
(15, 'Nancy Clark', 3, 45000.00, '2020-02-20'),
(16, 'George Lewis', 4, 80000.00, '2019-11-10'),
(17, 'Betty Lee', 1, 55000.00, '2017-04-05'),
(18, 'Samuel Walker', 2, 72000.00, '2021-03-22'),
(19, 'Helen Hall', 3, 49000.00, '2018-10-16'),
(20, 'Charles Allen', 4, 90000.00, '2015-08-11'),
(21, 'Betty Young', 1, 53000.00, '2020-05-17'),
(22, 'Frank King', 2, 67000.00, '2021-02-02'),
(23, 'Deborah Scott', 3, 47000.00, '2019-07-09'),
(24, 'Matthew Green', 4, 76000.00, '2021-01-15'),
(25, 'Sandra Adams', 1, 54000.00, '2020-06-21'),
(26, 'Paul Nelson', 2, 71000.00, '2018-12-03'),
(27, 'Margaret Carter', 3, 46000.00, '2020-08-19'),
(28, 'Anthony Mitchell', 4, 82000.00, '2021-04-10'),
(29, 'Lisa Perez', 1, 60000.00, '2021-03-05'),
(30, 'Christopher Roberts', 2, 69000.00, '2019-09-24'),
(31, 'Jessica Gonzalez', 3, 47000.00, '2017-12-13'),
(32, 'Brian Moore', 4, 85000.00, '2018-11-05'),
(33, 'Dorothy Evans', 1, 59000.00, '2019-06-11'),
(34, 'Matthew Carter', 2, 70000.00, '2020-01-29'),
(35, 'Rachel Martinez', 3, 51000.00, '2021-06-06'),
(36, 'Daniel Perez', 4, 83000.00, '2021-07-01'),
(37, 'Catherine Roberts', 1, 60000.00, '2020-09-19'),
(38, 'Ronald Murphy', 2, 68000.00, '2017-02-04'),
(39, 'Angela Jenkins', 3, 52000.00, '2018-04-23'),
(40, 'Gary Wright', 4, 87000.00, '2021-01-10');


select * from Employees
select * from Departments

select 
    e.Name,
	d.DepartmentName
from Employees e 
join Departments d on d.DepartmentID = e.DepartmentID


9.
select * from Employees
select * from Departments

select
    e.Name,
	d.DepartmentName
from Employees e
join Departments d on d.DepartmentID = e.DepartmentID


10. select 
    e.EmployeeID,
	e.Name,
	e.DepartmentID,
	e.Salary,
	e.HireDate,
	d.DepartmentName
from Employees e
join Departments d on e.DepartmentID <> d.DepartmentID

--Medium level

1. select
     c.CustomerName,
sum(Quantity) as total
from Customers c
join Orders o on c.CustomerID = o.CustomerID
group by c.CustomerName

2. 


3. select 
      e.Name,
	  e.Salary,
	  d.DepartmentName
from Employees e
cross join Departments d
where Salary > 5000


4. 


5.


6. CREATE TABLE Sales (
    SaleID INT PRIMARY KEY,
    ProductID INT,
    CustomerID INT,
    SaleDate DATE,
    SaleAmount DECIMAL(10, 2)
);

INSERT INTO Sales (SaleID, ProductID, CustomerID, SaleDate, SaleAmount) VALUES
(1, 1, 1, '2023-01-01', 150.00),
(2, 2, 2, '2023-01-02', 200.00),
(3, 3, 3, '2023-01-03', 250.00),
(4, 4, 4, '2023-01-04', 300.00),
(5, 5, 5, '2023-01-05', 350.00),
(6, 6, 6, '2023-01-06', 400.00),
(7, 7, 7, '2023-01-07', 450.00),
(8, 8, 8, '2023-01-08', 500.00),
(9, 9, 9, '2023-01-09', 550.00),
(10, 10, 10, '2023-01-10', 600.00),
(11, 1, 1, '2023-01-11', 150.00),
(12, 2, 2, '2023-01-12', 200.00),
(13, 3, 3, '2023-01-13', 250.00),
(14, 4, 4, '2023-01-14', 300.00),
(15, 5, 5, '2023-01-15', 350.00),
(16, 6, 6, '2023-01-16', 400.00),
(17, 7, 7, '2023-01-17', 450.00),
(18, 8, 8, '2023-01-18', 500.00),
(19, 9, 9, '2023-01-19', 550.00),
(20, 10, 10, '2023-01-20', 600.00),
(21, 1, 2, '2023-01-21', 150.00),
(22, 2, 3, '2023-01-22', 200.00),
(23, 3, 4, '2023-01-23', 250.00),
(24, 4, 5, '2023-01-24', 300.00),
(25, 5, 6, '2023-01-25', 350.00),
(26, 6, 7, '2023-01-26', 400.00),
(27, 7, 8, '2023-01-27', 450.00),
(28, 8, 9, '2023-01-28', 500.00),
(29, 9, 10, '2023-01-29', 550.00),
(30, 10, 1, '2023-01-30', 600.00),
(31, 1, 2, '2023-02-01', 150.00),
(32, 2, 3, '2023-02-02', 200.00),
(33, 3, 4, '2023-02-03', 250.00),
(34, 4, 5, '2023-02-04', 300.00),
(35, 5, 6, '2023-02-05', 350.00),
(36, 6, 7, '2023-02-06', 400.00),
(37, 7, 8, '2023-02-07', 450.00),
(38, 8, 9, '2023-02-08', 500.00),
(39, 9, 10, '2023-02-09', 550.00),
(40, 10, 1, '2023-02-10', 600.00);

select * from Sales
    
select 
   p.ProductName,
   s.SaleAmount
from Products p
left join Sales s on p.ProductID = s.ProductID
   
7. select
     e.Name,
	 e.Salary,
	 d.DepartmentName
from Employees e
join Departments d on d.DepartmentID = e.DepartmentID
where Salary > 4000 
and DepartmentName = 'Human Resources'


8. select * from Sales
   select * from Orders

select
   s.SaleDate,
   s.SaleAmount,
   o.Quantity,
   o.OrderDate
from Sales s
join Orders o on s.SaleDate >= o.OrderDate


--Hard level

1. 
CREATE TABLE Authors (
    AuthorID INT PRIMARY KEY,
    Name VARCHAR(100)
);
CREATE TABLE Books (
    BookID INT PRIMARY KEY,
    Title VARCHAR(255)
);

INSERT INTO Authors (AuthorID, Name) VALUES 
(1, 'J.K. Rowling'),
(2, 'J.R.R. Tolkien'),
(3, 'George R.R. Martin'),
(4, 'Terry Pratchett'),
(5, 'Neil Gaiman');

INSERT INTO Books (BookID, Title) VALUES 
(101, 'Harry Potter and the Sorcerers Stone'),
(102, 'The Lord of the Rings'),
(103, 'A Game of Thrones'),
(104, 'Good Omens'),
(105, 'The Colour of Magic');

select * from Authors
select * from Books

CREATE TABLE Books_Authors (
    AuthorID INT,
    BookID INT,
    PRIMARY KEY (AuthorID, BookID),
    FOREIGN KEY (AuthorID) REFERENCES Authors(AuthorID),
    FOREIGN KEY (BookID) REFERENCES Books(BookID)
);

INSERT INTO Books_Authors (AuthorID, BookID) VALUES 
(1, 101), -- J.K. Rowling wrote "Harry Potter"
(2, 102), -- J.R.R. Tolkien wrote "The Lord of the Rings"
(3, 103), -- George R.R. Martin wrote "A Game of Thrones"
(4, 104), -- Terry Pratchett co-wrote "Good Omens"
(5, 104), -- Neil Gaiman co-wrote "Good Omens"
(4, 105);

select * from Books_Authors


select 
a.AuthorID,
a.Name,
b.Title
from Authors a
join Books_Authors ba on a.AuthorID = ba.AuthorID
join Books b on b.BookID = ba.BookID

2. 
select * from Products
select * from Categories

select 
    p.ProductName,
	p.Price,
	c.CategoryName
from Products p
join Categories c on c.CategoryID = p.ProductID
where CategoryName != 'Electronics'


3. 
select * from orders
select * from Products

select 
    p.ProductName,
	o.OrderDate,
	o.Quantity
from Products p
cross join orders o
where Quantity > 100 


4.
select * from Employees
select * from Departments

select
   e.Name,
   e.Salary,
   d.DepartmentName,
   e.HireDate
from Employees e
join Departments d on d.DepartmentID = e.DepartmentID
where DATEDIFF(year, e.HireDate, getdate()) >5


5.
select
   e.Name,
   e.Salary,
   d.DepartmentName,
   e.HireDate
from Employees e
join Departments d on d.DepartmentID = e.DepartmentID


select
   e.Name,
   e.Salary,
   d.DepartmentName,
   e.HireDate
from Employees e
left join Departments d on d.DepartmentID = e.DepartmentID


6. 


7. 
select * from Orders
select * from Customers

select
    c.CustomerName,
	o.OrderDate,
	o.Quantity
from Customers c
join Orders o on c.CustomerID >= o.CustomerID
where Quantity >= 10


8. 



9.
select * from Employees
select * from Departments

select 
    e.Name,
	e.Salary,
	d.DepartmentName
from Employees e
left join Departments d on d.DepartmentID = e.DepartmentID
where DepartmentName = 'Marketing'


10.
select
   e.Name,
   e.Salary,
   d.DepartmentName,
   e.HireDate
from Employees e
left join Departments d on d.DepartmentID <= e.DepartmentID


      

